{
  "n_lsoas": 182,
  "n_house_sales": 34543,
  "n_crime_records": 159666,
  "ols_r2": 0.15005682262466202,
  "ols_crime_coef": -0.07096359792797718,
  "gwr_available": true,
  "morans_I": 0.4774522324566775,
  "morans_EI": -0.0055248618784530384,
  "morans_pvalue": 0.001,
  "morans_significant": true,
  "gwr_r2": 0.7236222534009046,
  "gwr_crime_coef_min": -0.23678900331919728,
  "gwr_crime_coef_max": 0.01931211372005931
}