{
  "analysis_period": "2021\u20132025",
  "n_lsoas": 182,
  "n_house_sales": 34543,
  "n_crime_records": 159666,
  "ols_r2": 0.10839929920267055,
  "ols_adj_r2": 0.0830697338391101,
  "ols_aicc": -84.17127327515779,
  "ols_rmse": 0.18554385510142316,
  "ols_crime_coef": -0.0778196726079053,
  "gwr_available": true,
  "morans_I": 0.540759789093487,
  "morans_EI": -0.0055248618784530384,
  "morans_pvalue": 0.001,
  "morans_significant": true,
  "gwr_r2": 0.7392599092202832,
  "gwr_adj_r2": 0.6622300970102388,
  "gwr_aicc": -209.4844628581812,
  "gwr_bw": 59.0,
  "gwr_crime_coef_min": -0.25617031838403315,
  "gwr_crime_coef_max": 0.02528912210174844,
  "gwr_crime_coef_med": -0.11483039247035709,
  "pearson_r": -0.22765817377931633,
  "pearson_p": 0.001996146140996732,
  "spearman_r": -0.28239763855647343,
  "spearman_p": 0.00011227060498823539,
  "ttest_p": 0.0002757115351234775,
  "ttest_significant": true,
  "gwr_bandwidth": 57,
  "pct_lsoas_negative": 76.4
}